{
    "1": 0.5447578624694196,
    "2": 0.2970539769301877,
    "3": 0.11659327461969575,
    "4": 0.9588706393375865,
    "5": 0.5614658523042754,
    "6": 0.23759171342252913,
    "7": 1.138204592901879,
    "8": 0.706947823736145,
    "9": 0.3458961474036851,
    "10": 1.5749333333333333,
    "11": 0.9927989981214778,
    "12": 0.4533633408352088,
    "13": 1.460122699386503,
    "14": 1.0075885328836425,
    "15": 0.3667532467532468,
    "16": 1.8055105348460292,
    "17": 1.2255797610681658,
    "18": 0.5042348955392434,
    "19": 2.0693069306930694,
    "20": 1.4430856067732831,
    "21": 0.5658198614318707,
    "22": 2.4008179959100207,
    "23": 1.6706382978723404,
    "24": 0.7419795221843003
}