{
    "1": 0.4948106313938223,
    "2": 0.26235164228539887,
    "3": 0.1034333087373584,
    "4": 0.863631340479611,
    "5": 0.5060876234301601,
    "6": 0.22142390594382758,
    "7": 1.1034593209481103,
    "8": 0.6793619142572284,
    "9": 0.3205187586845762,
    "10": 1.427748044462742,
    "11": 0.8810637773947304,
    "12": 0.45423406279733586,
    "13": 1.3765690376569037,
    "14": 0.9299401197604791,
    "15": 0.335511145272867,
    "16": 1.8238702201622248,
    "17": 1.0902004454342984,
    "18": 0.4506072874493927,
    "19": 1.9759862778730704,
    "20": 1.3850766155896068,
    "21": 0.5791881074899943,
    "22": 2.374429223744292,
    "23": 1.536345776031434,
    "24": 0.7673116089613035
}